<!DOCTYPE html><html lang="id-ID"><head><script data-no-optimize="1">var litespeed_docref=sessionStorage.getItem("litespeed_docref");litespeed_docref&&(Object.defineProperty(document,"referrer",{get:function(){return litespeed_docref}}),sessionStorage.removeItem("litespeed_docref"));</script> <meta charset="utf-8"><meta http-equiv="X-UA-Compatible" content="IE=edge"><meta name="viewport" content="width=device-width, initial-scale=1"><title>Nonton Anime ID - Nonton Streaming Anime Sub Indo TV Terbaru</title><style>img:is([sizes="auto" i], [sizes^="auto," i]) { contain-intrinsic-size: 3000px 1500px }</style><meta name="description" content="Nonton Anime ID menawarkan koleksi nonton anime sub indo terbaru dan terlengkap. Nikmati streaming anime ataupun download dengan kualitas HD secara gratis."/><meta name="robots" content="follow, index, max-snippet:-1, max-video-preview:-1, max-image-preview:large"/><link rel="canonical" href="https://s4.nontonanimeid.boats/" /><link rel="next" href="https://s4.nontonanimeid.boats/page/2/" /><meta property="og:locale" content="id_ID" /><meta property="og:type" content="website" /><meta property="og:title" content="Nonton Anime Sub Indo Terbaru - Nonton Anime ID" /><meta property="og:description" content="Nonton Anime ID menawarkan koleksi nonton anime sub indo terbaru dan terlengkap. Nikmati streaming ataupun download dengan kualitas HD secara gratis." /><meta property="og:url" content="https://s4.nontonanimeid.boats/" /><meta property="og:site_name" content="Nonton Anime ID" /><meta property="fb:app_id" content="425305507894560" /><meta property="og:image" content="https://s4.nontonanimeid.boats/wp-content/uploads/2020/07/defaultfb.png" /><meta property="og:image:secure_url" content="https://s4.nontonanimeid.boats/wp-content/uploads/2020/07/defaultfb.png" /><meta property="og:image:width" content="630" /><meta property="og:image:height" content="331" /><meta property="og:image:alt" content="KotakAnime" /><meta property="og:image:type" content="image/png" /><meta name="twitter:card" content="summary_large_image" /><meta name="twitter:title" content="Nonton Anime Sub Indo Terbaru - Nonton Anime ID" /><meta name="twitter:description" content="Nonton Anime ID menawarkan koleksi nonton anime sub indo terbaru dan terlengkap. Nikmati streaming ataupun download dengan kualitas HD secara gratis." /><meta name="twitter:site" content="@KotakAnime" /><meta name="twitter:image" content="https://s4.nontonanimeid.boats/wp-content/uploads/2020/07/defaultfb.png" /> <script type="application/ld+json" class="rank-math-schema-pro">{"@context":"https://schema.org","@graph":[{"@type":"Organization","@id":"https://s4.nontonanimeid.boats/#organization","name":"NontonAnimeID","sameAs":["https://www.facebook.com/nontonanimeid.official/","https://twitter.com/KotakAnime","https://t.me/kotakanime","https://discord.gg/qFjr66xvBj"]},{"@type":"WebSite","@id":"https://s4.nontonanimeid.boats/#website","url":"https://s4.nontonanimeid.boats","name":"Nonton Anime ID","alternateName":"NontonAnimeID","publisher":{"@id":"https://s4.nontonanimeid.boats/#organization"},"inLanguage":"id","potentialAction":{"@type":"SearchAction","target":"https://s4.nontonanimeid.boats/?s={search_term_string}","query-input":"required name=search_term_string"}},{"@type":"CollectionPage","@id":"https://s4.nontonanimeid.boats/#webpage","url":"https://s4.nontonanimeid.boats/","name":"Nonton Anime ID - Nonton Streaming Anime Sub Indo TV Terbaru","about":{"@id":"https://s4.nontonanimeid.boats/#organization"},"isPartOf":{"@id":"https://s4.nontonanimeid.boats/#website"},"inLanguage":"id"}]}</script> <link rel='dns-prefetch' href='//s4.nontonanimeid.boats' /><link rel='dns-prefetch' href='//cdnjs.cloudflare.com' /><link rel='dns-prefetch' href='//www.googletagmanager.com' /><link rel='dns-prefetch' href='//img.nontonanimeid.boats' /><link rel='dns-prefetch' href='//i0.wp.com' /><link rel="alternate" type="application/rss+xml" title="Nonton Anime ID &raquo; Feed" href="https://s4.nontonanimeid.boats/feed/" /><link rel='stylesheet' id='dstream-style-css' href='https://s4.nontonanimeid.boats/wp-content/themes/kotakanime/style.css?ver=1.0.2.1.5' media='all' /><link rel='stylesheet' id='dashicons-css' href='https://s4.nontonanimeid.boats/wp-includes/css/dashicons.min.css?ver=6.8.1' media='all' /><link rel="icon" href="https://s4.nontonanimeid.boats/wp-content/uploads/2019/09/favicon.png" sizes="32x32" /><link rel="icon" href="https://s4.nontonanimeid.boats/wp-content/uploads/2019/09/favicon.png" sizes="192x192" /><link rel="apple-touch-icon" href="https://s4.nontonanimeid.boats/wp-content/uploads/2019/09/favicon.png" /><meta name="msapplication-TileImage" content="https://s4.nontonanimeid.boats/wp-content/uploads/2019/09/favicon.png" /><link rel="icon" href="https://i0.wp.com/s4.nontonanimeid.boats/wp-content/uploads/2019/09/favicon.png?w=32" sizes="32x32"><link rel="icon" href="https://i0.wp.com/s4.nontonanimeid.boats/wp-content/uploads/2019/09/favicon.png?w=192" sizes="192x192"><link rel="apple-touch-icon" href="https://i0.wp.com/s4.nontonanimeid.boats/wp-content/uploads/favicon/apple-touch-icon.png?w=180"><meta name="msapplication-TileImage" content="https://i0.wp.com/s4.nontonanimeid.boats/wp-content/uploads/favicon/mstile-150x150.png"></head><body><header id="header"><div class="center"><div class="logo">
<a class="linklogo" href="https://s4.nontonanimeid.boats"><img class="no_lazy" src="https://i0.wp.com/s4.nontonanimeid.boats/wp-content/uploads/2021/01/Logo-NontonAnimeID.png" alt="Nonton Anime ID" width="121" height="58"></a></div><form class="srch" method="get" id="searchform" action="https://s4.nontonanimeid.boats/">
<input id="s" type="text" name="s" placeholder="Cari Judul Anime" aria-label="Search">
<button class="btn" type="submit" aria-label="search"><span class="dashicons dashicons-search"></span></button></form><nav class="rgnav">
<label for="show-menu" class="show-menu"><span class="dashicons dashicons-menu"></span> Menu</label>
<input type="checkbox" id="show-menu" aria-label="Mobile Navigation"><ul id="menu-navbar" class="menu"><li id="menu-item-21" class="menu-item menu-item-type-custom menu-item-object-custom current-menu-item menu-item-21"><a href="/" aria-current="page"><span class="dashicons dashicons-admin-home"></span> Home</a></li><li id="menu-item-89694" class="menu-item menu-item-type-custom menu-item-object-custom menu-item-has-children menu-item-89694"><a href="/anime/"><span class="dashicons dashicons-arrow-down-alt2"></span> Anime List</a><ul class="sub-menu"><li id="menu-item-129343" class="menu-item menu-item-type-post_type menu-item-object-page menu-item-129343"><a href="https://s4.nontonanimeid.boats/genres/">Genre</a></li><li id="menu-item-105191" class="menu-item menu-item-type-post_type menu-item-object-page menu-item-105191"><a href="https://s4.nontonanimeid.boats/bookmark/"><span class="dashicons dashicons-sticky"></span> Bookmark</a></li></ul></li><li id="menu-item-25" class="menu-item menu-item-type-post_type menu-item-object-page menu-item-25"><a href="https://s4.nontonanimeid.boats/ongoing-list/"><span class="dashicons dashicons-update"></span> Ongoing List</a></li><li id="menu-item-26" class="menu-item menu-item-type-post_type menu-item-object-page menu-item-26"><a href="https://s4.nontonanimeid.boats/popular-series/"><span class="dashicons dashicons-awards"></span> Popular Series</a></li><li id="menu-item-111101" class="menu-item menu-item-type-post_type menu-item-object-page menu-item-111101"><a href="https://s4.nontonanimeid.boats/jadwal-rilis/"><span class="dashicons dashicons-calendar"></span> Jadwal Rilis</a></li></ul><div class="clear"></div></nav><div class="theme-switch-wrapper">
<label class="theme-switch" for="checkbox">
<input type="checkbox" id="checkbox">
<span class="slider round"></span>
</label></div></div></header><div id="wrap"><div class="adspost520"><a href="https://menujupenta.site/login" rel="nofollow noopener noreferrer sponsored" target="_blank"><img src="https://img.nontonanimeid.boats/wp-content/uploads/ikln/navbar/pnta_v3.webp" alt="Bleach" width="520" height="60"></a></div><div class="adspost520"><a href="https://klik.top/nontonanime" rel="nofollow noopener noreferrer sponsored" target="_blank"><img src="https://img.nontonanimeid.boats/wp-content/uploads/ikln/navbar/nontonidks_v6.webp" alt="Blue Lock" width="520" height="60"></a></div><div class="adspost520"><a href="https://klik.top/nontonanim" rel="nofollow noopener noreferrer sponsored" target="_blank"><img src="https://img.nontonanimeid.boats/wp-content/uploads/ikln/navbar/nontonhoki_v4.webp" alt="Samurai X" width="520" height="60"></a></div><div class="adspost520"><a href="https://akseskaiko.cam/login" rel="nofollow noopener noreferrer sponsored" target="_blank"><img src="https://img.nontonanimeid.boats/wp-content/uploads/ikln/navbar/ks_v5.webp" alt="PoinB" width="520" height="60"></a></div><div class="adspost520"><a href="https://vpn89.site/jd89" rel="nofollow noopener noreferrer sponsored" target="_blank"><img src="https://img.nontonanimeid.boats/wp-content/uploads/ikln/navbar/jd_v3.webp" alt="OP" width="520" height="60"></a></div><div class="adspost520"><a href="https://klik.gg/ntnanimcd" rel="nofollow noopener noreferrer sponsored" target="_blank"><img src="https://img.nontonanimeid.boats/wp-content/uploads/ikln/navbar/nontonmcd_v5.webp" alt="Detective Conan" width="520" height="60"></a></div><div class="clear"></div><a href="https://tensaistore.com" target="_blank" class="tensai-ad-link-wrapper"><div class="ts-ad-link-wrapper ts-style-game"><div class="ts-ad-banner">
<img src="https://i0.wp.com/s4.nontonanimeid.boats/wp-content/themes/kotakanime/images/animeid2.jpg" class="ts-ad-bg" alt="Tensai Store Top Up Game Murah"><div class="ts-ad-overlay"></div><div class="ts-ad-content">
<img src="https://img.nontonanimeid.boats/wp-content/uploads/ikln//tensaistore.png" class="ts-ad-logo" alt="Tensai Store"><div class="ts-ad-info"><div class="ts-ad-headline">Top Up Mobile Legends &amp; Game Lain!</div><p class="ts-ad-promo">
<i class="fas fa-coins"></i>Harga Terbaik, Proses Cepat &amp; Legal!</p>
<span class="ts-ad-cta-text">
<i class="fas fa-mouse-pointer"></i> Kunjungi Store
</span></div></div></div></div>
</a><main class="content"><div id="home-description"><div class="releases"><h1>Nonton Anime ID - Nonton Streaming Anime Sub Indo TV Terbaru</h1></div><p class="tagpst">Selamat datang di Nonton Anime ID (dikenal juga sebagai AnimeID atau kotakanime). Web nontonanimeid ini merupakan platform terbaik untuk nonton anime sub indo dengan kualitas HD. Tak hanya itu saja, Kamu juga bisa streaming anime subtitle indonesia terbaru dan terlengkap di sini dengan mudah tanpa perlu apk. Terdapat banyak koleksi yang terus diperbarui, kami memastikan agar penggemar anime selalu mendapatkan pengalaman yang terbaik. Selain itu, kami juga menyediakan opsi untuk dapat mendownload anime favorit mu, sehingga kamu bisa menikmatinya kapan saja dan di mana saja. Bergabunglah dengan komunitas kami dan nikmati pengalaman streaming anime memuaskan hanya di web ini.</p></div><section id="postbaru"><div class="releases"><h2>Episode Terbaru Nonton Anime Sub Indo - NontonAnimeID</h2></div><div class="misha_posts_wrap"><article class="animeseries post-148077"><div class="sera">
<a href="https://s4.nontonanimeid.boats/anime/chuuzenji-sensei-mononoke-kougiroku-sensei-ga-nazo-wo-hodoite-shimau-kara/"><div class="limit">
<span class="types episodes"><span class="dashicons dashicons-plus-alt"></span>9</span><div class="play"><span class="dashicons dashicons-video-alt3"></span></div><img src="https://i0.wp.com/s4.nontonanimeid.boats/wp-content/uploads/2025/04/Chuuzenji-sensei-Mononoke-Kougiroku-Sensei-ga-Nazo-wo-Hodoite-Shimau-kara.jpg?h=210" alt="Chuuzenji-sensei Mononoke Kougiroku: Sensei ga Nazo wo Hodoite Shimau kara." width="210" height="210" loading="lazy"><h3 class="title less nlat entry-title"><span>Chuuzenji-sensei Mononoke Kougiroku: Sensei ga Nazo wo Hodoite Shimau kara.</span></h3></div></a></div></article><article class="animeseries post-148076"><div class="sera">
<a href="https://s4.nontonanimeid.boats/anime/compass-2-0-sentou-setsuri-kaiseki-system/"><div class="limit">
<span class="types episodes"><span class="dashicons dashicons-plus-alt"></span>9</span><div class="play"><span class="dashicons dashicons-video-alt3"></span></div><img src="https://i0.wp.com/s4.nontonanimeid.boats/wp-content/uploads/2025/04/Compass-2.0-Sentou-Setsuri-Kaiseki-System.jpg?h=210" alt="#Compass 2.0: Sentou Setsuri Kaiseki System" width="210" height="210" loading="lazy"><h3 class="title less nlat entry-title"><span>#Compass 2.0: Sentou Setsuri Kaiseki System</span></h3></div></a></div></article><article class="animeseries post-148075"><div class="sera">
<a href="https://s4.nontonanimeid.boats/anime/summer-pockets/"><div class="limit">
<span class="types episodes"><span class="dashicons dashicons-plus-alt"></span>9</span><div class="play"><span class="dashicons dashicons-video-alt3"></span></div><img src="https://i0.wp.com/s4.nontonanimeid.boats/wp-content/uploads/2025/04/Summer-Pockets.jpg?h=210" alt="Summer Pockets" width="210" height="210" loading="lazy"><h3 class="title less nlat entry-title"><span>Summer Pockets</span></h3></div></a></div></article><article class="animeseries post-148072"><div class="sera">
<a href="https://s4.nontonanimeid.boats/anime/vigilante-boku-no-hero-academia-illegals/"><div class="limit">
<span class="types episodes"><span class="dashicons dashicons-plus-alt"></span>9</span><div class="play"><span class="dashicons dashicons-video-alt3"></span></div><img src="https://i0.wp.com/s4.nontonanimeid.boats/wp-content/uploads/2025/04/Vigilante-Boku-no-Hero-Academia-Illegals.jpg?h=210" alt="Vigilante: Boku no Hero Academia Illegals" width="210" height="210" loading="lazy"><h3 class="title less nlat entry-title"><span>Vigilante: Boku no Hero Academia Illegals</span></h3></div></a></div></article><article class="animeseries post-148074"><div class="sera">
<a href="https://s4.nontonanimeid.boats/anime/kijin-gentoushou/"><div class="limit">
<span class="types episodes"><span class="dashicons dashicons-plus-alt"></span>10</span><div class="play"><span class="dashicons dashicons-video-alt3"></span></div><img src="https://i0.wp.com/s4.nontonanimeid.boats/wp-content/uploads/2025/03/Kijin-Gentoushou.jpg?h=210" alt="Kijin Gentoushou" width="210" height="210" loading="lazy"><h3 class="title less nlat entry-title"><span>Kijin Gentoushou</span></h3></div></a></div></article><article class="animeseries post-148073"><div class="sera">
<a href="https://s4.nontonanimeid.boats/anime/zatsu-tabi-thats-journey/"><div class="limit">
<span class="types episodes"><span class="dashicons dashicons-plus-alt"></span>9</span><div class="play"><span class="dashicons dashicons-video-alt3"></span></div><img src="https://i0.wp.com/s4.nontonanimeid.boats/wp-content/uploads/2025/04/Zatsu-Tabi-Thats-Journey.jpg?h=210" alt="Zatsu Tabi: That&#8217;s Journey" width="210" height="210" loading="lazy"><h3 class="title less nlat entry-title"><span>Zatsu Tabi: That&#8217;s Journey</span></h3></div></a></div></article><article class="animeseries post-148071"><div class="sera">
<a href="https://s4.nontonanimeid.boats/anime/aharen-san-wa-hakarenai-season-2/"><div class="limit">
<span class="types episodes"><span class="dashicons dashicons-plus-alt"></span>9</span><div class="play"><span class="dashicons dashicons-video-alt3"></span></div><img src="https://i0.wp.com/s4.nontonanimeid.boats/wp-content/uploads/2025/04/Aharen-san-wa-Hakarenai-Season-2.jpg?h=210" alt="Aharen-san wa Hakarenai Season 2" width="210" height="210" loading="lazy"><h3 class="title less nlat entry-title"><span>Aharen-san wa Hakarenai Season 2</span></h3></div></a></div></article><article class="animeseries post-148057"><div class="sera">
<a href="https://s4.nontonanimeid.boats/anime/kakushite-makina-san/"><div class="limit">
<span class="types status"><span class="dashicons dashicons-info-outline"></span>UC</span>
<span class="types episodes"><span class="dashicons dashicons-plus-alt"></span>9</span><div class="play"><span class="dashicons dashicons-video-alt3"></span></div><img src="https://i0.wp.com/s4.nontonanimeid.boats/wp-content/uploads/2025/04/Kakushite-Makina-san.jpg?h=210" alt="Kakushite! Makina-san!!" width="210" height="210" loading="lazy"><h3 class="title less nlat entry-title"><span>Kakushite! Makina-san!!</span></h3></div></a></div></article><article class="animeseries post-148056"><div class="sera">
<a href="https://s4.nontonanimeid.boats/anime/chotto-dake-ai-ga-omoi-dark-elf-ga-isekai-kara-oikaketekita/"><div class="limit">
<span class="types status"><span class="dashicons dashicons-info-outline"></span>UC</span>
<span class="types episodes"><span class="dashicons dashicons-plus-alt"></span>9</span><div class="play"><span class="dashicons dashicons-video-alt3"></span></div><img src="https://i0.wp.com/s4.nontonanimeid.boats/wp-content/uploads/2025/04/Chotto-dake-Ai-ga-Omoi-Dark-Elf-ga-Isekai-kara-Oikaketekita.jpg?h=210" alt="Chotto dake Ai ga Omoi Dark Elf ga Isekai kara Oikaketekita" width="210" height="210" loading="lazy"><h3 class="title less nlat entry-title"><span>Chotto dake Ai ga Omoi Dark Elf ga Isekai kara Oikaketekita</span></h3></div></a></div></article><article class="animeseries post-148055"><div class="sera">
<a href="https://s4.nontonanimeid.boats/anime/one-piece/"><div class="limit">
<span class="types episodes"><span class="dashicons dashicons-plus-alt"></span>1131</span><div class="play"><span class="dashicons dashicons-video-alt3"></span></div><img src="https://i0.wp.com/s4.nontonanimeid.boats/wp-content/uploads/2025/04/One-Piece.jpg?h=210" alt="One Piece" width="210" height="210" loading="lazy"><h3 class="title less nlat entry-title"><span>One Piece</span></h3></div></a></div></article><article class="animeseries post-148041"><div class="sera">
<a href="https://s4.nontonanimeid.boats/anime/sentai-daishikkaku-2nd-season/"><div class="limit">
<span class="types episodes"><span class="dashicons dashicons-plus-alt"></span>8</span><div class="play"><span class="dashicons dashicons-video-alt3"></span></div><img src="https://i0.wp.com/s4.nontonanimeid.boats/wp-content/uploads/2025/04/Sentai-Daishikkaku-2nd-Season.jpg?h=210" alt="Sentai Daishikkaku 2nd Season" width="210" height="210" loading="lazy"><h3 class="title less nlat entry-title"><span>Sentai Daishikkaku 2nd Season</span></h3></div></a></div></article><article class="animeseries post-148042"><div class="sera">
<a href="https://s4.nontonanimeid.boats/anime/gorilla-no-kami-kara-kago-sareta-reijou-wa-ouritsu-kishidan-de-kawaigarareru/"><div class="limit">
<span class="types episodes"><span class="dashicons dashicons-plus-alt"></span>9</span><div class="play"><span class="dashicons dashicons-video-alt3"></span></div><img src="https://i0.wp.com/s4.nontonanimeid.boats/wp-content/uploads/2025/04/Gorilla-no-Kami-kara-Kago-sareta-Reijou-wa-Ouritsu-Kishidan-de-Kawaigarareru.jpg?h=210" alt="Gorilla no Kami kara Kago sareta Reijou wa Ouritsu Kishidan de Kawaigarareru" width="210" height="210" loading="lazy"><h3 class="title less nlat entry-title"><span>Gorilla no Kami kara Kago sareta Reijou wa Ouritsu Kishidan de Kawaigarareru</span></h3></div></a></div></article><article class="animeseries post-148040"><div class="sera">
<a href="https://s4.nontonanimeid.boats/anime/kanchigai-no-atelier-meister-eiyuu-party-no-moto-zatsuyougakari-ga-jitsu-wa-sentou-igai-ga-sss-rank-datta-to-iu-yoku-aru-hanashi/"><div class="limit">
<span class="types episodes"><span class="dashicons dashicons-plus-alt"></span>10</span><div class="play"><span class="dashicons dashicons-video-alt3"></span></div><img src="https://i0.wp.com/s4.nontonanimeid.boats/wp-content/uploads/2025/03/Kanchigai-no-Atelier-Meister-Eiyuu-Party-no-Moto-Zatsuyougakari-ga-Jitsu-wa-Sentou-Igai-ga-SSS-Rank-Datta-to-Iu-Yoku-Aru-Hanashi.jpg?h=210" alt="Kanchigai no Atelier Meister: Eiyuu Party no Moto Zatsuyougakari ga, Jitsu wa Sentou Igai ga SSS Rank Datta to Iu Yoku Aru Hanashi" width="210" height="210" loading="lazy"><h3 class="title less nlat entry-title"><span>Kanchigai no Atelier Meister: Eiyuu Party no Moto Zatsuyougakari ga, Jitsu wa Sentou Igai ga SSS Rank Datta to Iu Yoku Aru Hanashi</span></h3></div></a></div></article><article class="animeseries post-148039"><div class="sera">
<a href="https://s4.nontonanimeid.boats/anime/maebashi-witches/"><div class="limit">
<span class="types episodes"><span class="dashicons dashicons-plus-alt"></span>9</span><div class="play"><span class="dashicons dashicons-video-alt3"></span></div><img src="https://i0.wp.com/s4.nontonanimeid.boats/wp-content/uploads/2025/04/Maebashi-Witches.jpg?h=210" alt="Maebashi Witches" width="210" height="210" loading="lazy"><h3 class="title less nlat entry-title"><span>Maebashi Witches</span></h3></div></a></div></article><article class="animeseries post-148028"><div class="sera">
<a href="https://s4.nontonanimeid.boats/anime/shirobuta-kizoku-desu-ga-zense-no-kioku-ga-haeta-node-hiyoko-na-otouto-sodatemasu/"><div class="limit">
<span class="types episodes"><span class="dashicons dashicons-plus-alt"></span>8</span><div class="play"><span class="dashicons dashicons-video-alt3"></span></div><img src="https://i0.wp.com/s4.nontonanimeid.boats/wp-content/uploads/2025/04/Shirobuta-Kizoku-desu-ga-Zense-no-Kioku-ga-Haeta-node-Hiyoko-na-Otouto-Sodatemasu.jpg?h=210" alt="Shirobuta Kizoku desu ga Zense no Kioku ga Haeta node Hiyoko na Otouto Sodatemasu" width="210" height="210" loading="lazy"><h3 class="title less nlat entry-title"><span>Shirobuta Kizoku desu ga Zense no Kioku ga Haeta node Hiyoko na Otouto Sodatemasu</span></h3></div></a></div></article><article class="animeseries post-148023"><div class="sera">
<a href="https://s4.nontonanimeid.boats/anime/witch-watch/"><div class="limit">
<span class="types episodes"><span class="dashicons dashicons-plus-alt"></span>9</span><div class="play"><span class="dashicons dashicons-video-alt3"></span></div><img src="https://i0.wp.com/s4.nontonanimeid.boats/wp-content/uploads/2025/04/Witch-Watch.jpg?h=210" alt="Witch Watch" width="210" height="210" loading="lazy"><h3 class="title less nlat entry-title"><span>Witch Watch</span></h3></div></a></div></article><article class="animeseries post-148022"><div class="sera">
<a href="https://s4.nontonanimeid.boats/anime/uma-musume-cinderella-gray/"><div class="limit">
<span class="types episodes"><span class="dashicons dashicons-plus-alt"></span>9</span><div class="play"><span class="dashicons dashicons-video-alt3"></span></div><img src="https://i0.wp.com/s4.nontonanimeid.boats/wp-content/uploads/2025/04/Uma-Musume-Cinderella-Gray.jpg?h=210" alt="Uma Musume: Cinderella Gray" width="210" height="210" loading="lazy"><h3 class="title less nlat entry-title"><span>Uma Musume: Cinderella Gray</span></h3></div></a></div></article><article class="animeseries post-148020"><div class="sera">
<a href="https://s4.nontonanimeid.boats/anime/tu-bian-yingxiong-x/"><div class="limit">
<span class="types status"><span class="dashicons dashicons-info-outline"></span>Dub JP</span>
<span class="types episodes"><span class="dashicons dashicons-plus-alt"></span>9</span><div class="play"><span class="dashicons dashicons-video-alt3"></span></div><img src="https://i0.wp.com/s4.nontonanimeid.boats/wp-content/uploads/2025/04/Tu-Bian-Yingxiong-X.jpg?h=210" alt="Tu Bian Yingxiong X" width="210" height="210" loading="lazy"><h3 class="title less nlat entry-title"><span>Tu Bian Yingxiong X</span></h3></div></a></div></article><article class="animeseries post-148007"><div class="sera">
<a href="https://s4.nontonanimeid.boats/anime/shoushimin-series-2nd-season/"><div class="limit">
<span class="types episodes"><span class="dashicons dashicons-plus-alt"></span>9</span><div class="play"><span class="dashicons dashicons-video-alt3"></span></div><img src="https://i0.wp.com/s4.nontonanimeid.boats/wp-content/uploads/2025/04/Shoushimin-Series-2nd-Season.jpg?h=210" alt="Shoushimin Series 2nd Season" width="210" height="210" loading="lazy"><h3 class="title less nlat entry-title"><span>Shoushimin Series 2nd Season</span></h3></div></a></div></article><article class="animeseries post-148006"><div class="sera">
<a href="https://s4.nontonanimeid.boats/anime/ore-wa-seikan-kokka-no-akutoku-ryoushu/"><div class="limit">
<span class="types episodes"><span class="dashicons dashicons-plus-alt"></span>9</span><div class="play"><span class="dashicons dashicons-video-alt3"></span></div><img src="https://i0.wp.com/s4.nontonanimeid.boats/wp-content/uploads/2025/03/Ore-wa-Seikan-Kokka-no-Akutoku-Ryoushu.jpg?h=210" alt="Ore wa Seikan Kokka no Akutoku Ryoushu!" width="210" height="210" loading="lazy"><h3 class="title less nlat entry-title"><span>Ore wa Seikan Kokka no Akutoku Ryoushu!</span></h3></div></a></div></article></div><div class="clear"></div><div class="misha_loadmore loadmore_button load_more">Load More</div></section><div class="adspost468"><a href="https://terbangrusia.site/login" rel="nofollow noopener noreferrer sponsored" target="_blank"><img src="https://img.nontonanimeid.boats/wp-content/uploads/ikln/bawah_episode_terbaru/rusia_v4.webp" alt="Jujutsu Kaisen" width="468" height="60" loading="lazy"></a></div><div class="adspost468"><a href="https://klik.best/nontonanime" rel="nofollow noopener noreferrer sponsored" target="_blank"><img src="https://img.nontonanimeid.boats/wp-content/uploads/ikln/bawah_episode_terbaru/IBs.webp" alt="Bleach" width="468" height="60" loading="lazy"></a></div><div class="clear"></div><section id="series-footer"><div class="container1"><ul class="tabs1"><li class="boxtab">Series Terbaru <span class="dashicons dashicons-arrow-right"></span></li><li class="tab-link tabchs current1" data-tab1="tab-7">Movie</li><li class="tab-link tabchs" data-tab1="tab-8">TV</li><li class="boxtab1">Popular Series <span class="dashicons dashicons-arrow-right"></span></li><li class="tab-link tabchs" data-tab1="tab-9">Semua</li><li class="boxtab1">Popular Genre <span class="dashicons dashicons-arrow-right"></span></li><li class="tab-link tabchs" data-tab1="tab-10">Romance</li></ul><div class="clear"></div><div id="tab-7" class="tab-content1 current1"><div class="animeseries"><div class="sera">
<a href="https://s4.nontonanimeid.boats/anime/suki-demo-kirai-na-amanojaku/"><div class="limit">
<span class="kotakscore">
<span class="dashicons dashicons-star-filled"></span>
6.85
</span><div class="play">
<span class="dashicons dashicons-controls-repeat"></span></div>
<img src="https://i0.wp.com/s4.nontonanimeid.boats/wp-content/uploads/2025/05/Suki-demo-Kirai-na-Amanojaku.jpg?h=203" alt="Suki demo Kirai na Amanojaku" width="144" height="203" loading="lazy"><div class="title less"><span>Suki demo Kirai na Amanojaku</span></div></div>
</a></div></div><div class="animeseries"><div class="sera">
<a href="https://s4.nontonanimeid.boats/anime/overlord-movie-3-sei-oukoku-hen/"><div class="limit">
<span class="kotakscore">
<span class="dashicons dashicons-star-filled"></span>
7.76
</span><div class="play">
<span class="dashicons dashicons-controls-repeat"></span></div>
<img src="https://i0.wp.com/s4.nontonanimeid.boats/wp-content/uploads/2025/03/Overlord-Movie-3-Sei-Oukoku-hen.jpg?h=203" alt="Overlord Movie 3: Sei Oukoku-hen" width="144" height="203" loading="lazy"><div class="title less"><span>Overlord Movie 3: Sei Oukoku-hen</span></div></div>
</a></div></div><div class="animeseries"><div class="sera">
<a href="https://s4.nontonanimeid.boats/anime/uma-musume-pretty-derby-shin-jidai-no-tobira/"><div class="limit">
<span class="kotakscore">
<span class="dashicons dashicons-star-filled"></span>
8.51
</span><div class="play">
<span class="dashicons dashicons-controls-repeat"></span></div>
<img src="https://i0.wp.com/s4.nontonanimeid.boats/wp-content/uploads/2025/02/Uma-Musume-Pretty-Derby-Shin-Jidai-no-Tobira.jpg?h=203" alt="Uma Musume: Pretty Derby &#8211; Shin Jidai no Tobira" width="144" height="203" loading="lazy"><div class="title less"><span>Uma Musume: Pretty Derby &#8211; Shin Jidai no Tobira</span></div></div>
</a></div></div><div class="animeseries"><div class="sera">
<a href="https://s4.nontonanimeid.boats/anime/boku-no-hero-academia-the-movie-4-youre-next/"><div class="limit">
<span class="kotakscore">
<span class="dashicons dashicons-star-filled"></span>
7.5
</span><div class="play">
<span class="dashicons dashicons-controls-repeat"></span></div>
<img src="https://i0.wp.com/s4.nontonanimeid.boats/wp-content/uploads/2025/02/Boku-no-Hero-Academia-the-Movie-4-Youre-Next.jpg?h=203" alt="Boku no Hero Academia the Movie 4: You&#8217;re Next" width="144" height="203" loading="lazy"><div class="title less"><span>Boku no Hero Academia the Movie 4: You&#8217;re Next</span></div></div>
</a></div></div><div class="animeseries"><div class="sera">
<a href="https://s4.nontonanimeid.boats/anime/love-live-nijigasaki-gakuen-school-idol-doukoukai-kanketsu-hen/"><div class="limit">
<span class="kotakscore">
<span class="dashicons dashicons-star-filled"></span>
7.75
</span><div class="play">
<span class="dashicons dashicons-controls-repeat"></span></div>
<img src="https://i0.wp.com/s4.nontonanimeid.boats/wp-content/uploads/2025/02/Love-Live-Nijigasaki-Gakuen-School-Idol-Doukoukai-Kanketsu-hen.jpg?h=203" alt="Love Live! Nijigasaki Gakuen School Idol Doukoukai: Kanketsu-hen" width="144" height="203" loading="lazy"><div class="title less"><span>Love Live! Nijigasaki Gakuen School Idol Doukoukai: Kanketsu-hen</span></div></div>
</a></div></div></div><div id="tab-8" class="tab-content1"><div class="animeseries"><div class="sera">
<a href="https://s4.nontonanimeid.boats/anime/shirobuta-kizoku-desu-ga-zense-no-kioku-ga-haeta-node-hiyoko-na-otouto-sodatemasu/"><div class="limit">
<span class="kotakscore">
<span class="dashicons dashicons-star-filled"></span>
6.13
</span><div class="play">
<span class="dashicons dashicons-controls-repeat"></span></div>
<img src="https://i0.wp.com/s4.nontonanimeid.boats/wp-content/uploads/2025/04/Shirobuta-Kizoku-desu-ga-Zense-no-Kioku-ga-Haeta-node-Hiyoko-na-Otouto-Sodatemasu.jpg?h=203" alt="Shirobuta Kizoku desu ga Zense no Kioku ga Haeta node Hiyoko na Otouto Sodatemasu" width="144" height="203" loading="lazy"><div class="title less"><span>Shirobuta Kizoku desu ga Zense no Kioku ga Haeta node Hiyoko na Otouto Sodatemasu</span></div></div>
</a></div></div><div class="animeseries"><div class="sera">
<a href="https://s4.nontonanimeid.boats/anime/sentai-daishikkaku-2nd-season/"><div class="limit">
<span class="kotakscore">
<span class="dashicons dashicons-star-filled"></span>
7.61
</span><div class="play">
<span class="dashicons dashicons-controls-repeat"></span></div>
<img src="https://i0.wp.com/s4.nontonanimeid.boats/wp-content/uploads/2025/04/Sentai-Daishikkaku-2nd-Season.jpg?h=203" alt="Sentai Daishikkaku 2nd Season" width="144" height="203" loading="lazy"><div class="title less"><span>Sentai Daishikkaku 2nd Season</span></div></div>
</a></div></div><div class="animeseries"><div class="sera">
<a href="https://s4.nontonanimeid.boats/anime/hibi-wa-sugiredo-meshi-umashi/"><div class="limit">
<span class="kotakscore">
<span class="dashicons dashicons-star-filled"></span>
7.64
</span><div class="play">
<span class="dashicons dashicons-controls-repeat"></span></div>
<img src="https://i0.wp.com/s4.nontonanimeid.boats/wp-content/uploads/2025/04/Hibi-wa-Sugiredo-Meshi-Umashi.jpg?h=203" alt="Hibi wa Sugiredo Meshi Umashi" width="144" height="203" loading="lazy"><div class="title less"><span>Hibi wa Sugiredo Meshi Umashi</span></div></div>
</a></div></div><div class="animeseries"><div class="sera">
<a href="https://s4.nontonanimeid.boats/anime/mono/"><div class="limit">
<span class="kotakscore">
<span class="dashicons dashicons-star-filled"></span>
7.68
</span><div class="play">
<span class="dashicons dashicons-controls-repeat"></span></div>
<img src="https://i0.wp.com/s4.nontonanimeid.boats/wp-content/uploads/2025/04/Mono.jpg?h=203" alt="Mono" width="144" height="203" loading="lazy"><div class="title less"><span>Mono</span></div></div>
</a></div></div><div class="animeseries"><div class="sera">
<a href="https://s4.nontonanimeid.boats/anime/teogonia/"><div class="limit">
<span class="kotakscore">
<span class="dashicons dashicons-star-filled"></span>
6.79
</span><div class="play">
<span class="dashicons dashicons-controls-repeat"></span></div>
<img src="https://i0.wp.com/s4.nontonanimeid.boats/wp-content/uploads/2025/04/Teogonia.jpg?h=203" alt="Teogonia" width="144" height="203" loading="lazy"><div class="title less"><span>Teogonia</span></div></div>
</a></div></div></div><div id="tab-9" class="tab-content1"><div class="animeseries"><div class="sera">
<a href="https://s4.nontonanimeid.boats/anime/shingeki-no-kyojin/"><div class="limit">
<span class="kotakscore">
<span class="dashicons dashicons-star-filled"></span>
8.56
</span><div class="play">
<span class="dashicons dashicons-controls-repeat"></span></div>
<img src="https://i0.wp.com/s4.nontonanimeid.boats/wp-content/uploads/2020/07/Shingeki-no-Kyojin.jpg?h=203" alt="Shingeki no Kyojin" width="144" height="203" loading="lazy"><div class="title less"><span>Shingeki no Kyojin</span></div></div>
</a></div></div><div class="animeseries"><div class="sera">
<a href="https://s4.nontonanimeid.boats/anime/death-note/"><div class="limit">
<span class="kotakscore">
<span class="dashicons dashicons-star-filled"></span>
8.62
</span><div class="play">
<span class="dashicons dashicons-controls-repeat"></span></div>
<img src="https://i0.wp.com/s4.nontonanimeid.boats/wp-content/uploads/2020/06/Death-Note.jpg?h=203" alt="Death Note" width="144" height="203" loading="lazy"><div class="title less"><span>Death Note</span></div></div>
</a></div></div><div class="animeseries"><div class="sera">
<a href="https://s4.nontonanimeid.boats/anime/fullmetal-alchemist-brotherhood/"><div class="limit">
<span class="kotakscore">
<span class="dashicons dashicons-star-filled"></span>
9.1
</span><div class="play">
<span class="dashicons dashicons-controls-repeat"></span></div>
<img src="https://i0.wp.com/s4.nontonanimeid.boats/wp-content/uploads/2020/06/Fullmetal-Alchemist-Brotherhood.jpg?h=203" alt="Fullmetal Alchemist: Brotherhood" width="144" height="203" loading="lazy"><div class="title less"><span>Fullmetal Alchemist: Brotherhood</span></div></div>
</a></div></div><div class="animeseries"><div class="sera">
<a href="https://s4.nontonanimeid.boats/anime/one-punch-man/"><div class="limit">
<span class="kotakscore">
<span class="dashicons dashicons-star-filled"></span>
8.49
</span><div class="play">
<span class="dashicons dashicons-controls-repeat"></span></div>
<img src="https://i0.wp.com/s4.nontonanimeid.boats/wp-content/uploads/2020/06/One-Punch-Man.jpg?h=203" alt="One Punch Man" width="144" height="203" loading="lazy"><div class="title less"><span>One Punch Man</span></div></div>
</a></div></div><div class="animeseries"><div class="sera">
<a href="https://s4.nontonanimeid.boats/anime/kimetsu-no-yaiba/"><div class="limit">
<span class="kotakscore">
<span class="dashicons dashicons-star-filled"></span>
8.43
</span><div class="play">
<span class="dashicons dashicons-controls-repeat"></span></div>
<img src="https://i0.wp.com/s4.nontonanimeid.boats/wp-content/uploads/2019/04/Kimetsu-no-Yaiba-Subtitle-Indonesia.jpg?h=203" alt="Kimetsu no Yaiba" width="144" height="203" loading="lazy"><div class="title less"><span>Kimetsu no Yaiba</span></div></div>
</a></div></div></div><div id="tab-10" class="tab-content1"><div class="animeseries"><div class="sera">
<a href="https://s4.nontonanimeid.boats/anime/sword-art-online/"><div class="limit">
<span class="kotakscore">
<span class="dashicons dashicons-star-filled"></span>
7.22
</span><div class="play">
<span class="dashicons dashicons-controls-repeat"></span></div>
<img src="https://i0.wp.com/s4.nontonanimeid.boats/wp-content/uploads/2020/07/Sword-Art-Online.jpg?h=203" alt="Sword Art Online" width="144" height="203" loading="lazy"><div class="title less"><span>Sword Art Online</span></div></div>
</a></div></div><div class="animeseries"><div class="sera">
<a href="https://s4.nontonanimeid.boats/anime/shigatsu-wa-kimi-no-uso/"><div class="limit">
<span class="kotakscore">
<span class="dashicons dashicons-star-filled"></span>
8.64
</span><div class="play">
<span class="dashicons dashicons-controls-repeat"></span></div>
<img src="https://i0.wp.com/s4.nontonanimeid.boats/wp-content/uploads/2020/07/Shigatsu-wa-Kimi-no-Uso.jpg?h=203" alt="Shigatsu wa Kimi no Uso" width="144" height="203" loading="lazy"><div class="title less"><span>Shigatsu wa Kimi no Uso</span></div></div>
</a></div></div><div class="animeseries"><div class="sera">
<a href="https://s4.nontonanimeid.boats/anime/toradora/"><div class="limit">
<span class="kotakscore">
<span class="dashicons dashicons-star-filled"></span>
8.05
</span><div class="play">
<span class="dashicons dashicons-controls-repeat"></span></div>
<img src="https://i0.wp.com/s4.nontonanimeid.boats/wp-content/uploads/2020/07/Toradora.jpg?h=203" alt="Toradora!" width="144" height="203" loading="lazy"><div class="title less"><span>Toradora!</span></div></div>
</a></div></div><div class="animeseries"><div class="sera">
<a href="https://s4.nontonanimeid.boats/anime/sword-art-online-ii/"><div class="limit">
<span class="kotakscore">
<span class="dashicons dashicons-star-filled"></span>
6.71
</span><div class="play">
<span class="dashicons dashicons-controls-repeat"></span></div>
<img src="https://i0.wp.com/s4.nontonanimeid.boats/wp-content/uploads/2020/07/Sword-Art-Online-II.jpg?h=203" alt="Sword Art Online II" width="144" height="203" loading="lazy"><div class="title less"><span>Sword Art Online II</span></div></div>
</a></div></div><div class="animeseries"><div class="sera">
<a href="https://s4.nontonanimeid.boats/anime/seishun-buta-yarou-wa-bunny-girl-senpai-no-yume-wo-minai/"><div class="limit">
<span class="kotakscore">
<span class="dashicons dashicons-star-filled"></span>
8.23
</span><div class="play">
<span class="dashicons dashicons-controls-repeat"></span></div>
<img src="https://i0.wp.com/s4.nontonanimeid.boats/wp-content/uploads/2020/07/Seishun-Buta-Yarou-wa-Bunny-Girl-Senpai-no-Yume-wo-Minai.jpg?h=203" alt="Seishun Buta Yarou wa Bunny Girl Senpai no Yume wo Minai" width="144" height="203" loading="lazy"><div class="title less"><span>Seishun Buta Yarou wa Bunny Girl Senpai no Yume wo Minai</span></div></div>
</a></div></div></div></div><div class="clear"></div></section><div class="clear"></div></main><aside id="sidebar_right"><div class="side"><h3 class="sidebar-title toogletheater">Pasang Iklan <span class="dashicons dashicons-sort"></span></h3><div class="tagpst1"><a href="https://s4.nontonanimeid.boats/contact-us/">Klik Disini</a></div></div><div class="adspost300"><a href="https://bergurukecina.fun/cn7" rel="nofollow noopener noreferrer sponsored" target="_blank"><img src="https://img.nontonanimeid.boats/wp-content/uploads/ikln/sidebar/01.23-cn.webp" alt="Luffy" width="300" height="250" loading="lazy"></a></div><div class="adspost300"><a href="https://klik.gg/ntnime" rel="nofollow noopener noreferrer sponsored" target="_blank"><img src="https://img.nontonanimeid.boats/wp-content/uploads/ikln/sidebar/mcd.gif" alt="One Piece 2" width="300" height="250" loading="lazy"></a></div><div class="side"><h3 class='sidebar-title toogletheater'>Top Rating Anime<span class='dashicons dashicons-sort'></span></h3><ul class='latestepisodes'><li><a href='https://s4.nontonanimeid.boats/anime/sousou-no-frieren/'><div class='lefts'>Sousou no Frieren</div><div class='rights'><span class='video'># 28</span></div></a></li><li><a href='https://s4.nontonanimeid.boats/anime/fullmetal-alchemist-brotherhood/'><div class='lefts'>Fullmetal Alchemist: Brotherhood</div><div class='rights'><span class='video'># 64</span></div></a></li><li><a href='https://s4.nontonanimeid.boats/anime/steinsgate/'><div class='lefts'>Steins;Gate</div><div class='rights'><span class='video'># 24</span></div></a></li><li><a href='https://s4.nontonanimeid.boats/anime/shingeki-no-kyojin-season-3-part-2/'><div class='lefts'>Shingeki no Kyojin Season 3 Part 2</div><div class='rights'><span class='video'># 10</span></div></a></li><li><a href='https://s4.nontonanimeid.boats/anime/gintama-the-final/'><div class='lefts'>Gintama: The Final</div><div class='rights'><span class='video'># 1</span></div></a></li><li><a href='https://s4.nontonanimeid.boats/anime/one-piece-fan-letter/'><div class='lefts'>One Piece Fan Letter</div><div class='rights'><span class='video'># 1</span></div></a></li><li><a href='https://s4.nontonanimeid.boats/anime/hunter-x-hunter-2011/'><div class='lefts'>Hunter x Hunter (2011)</div><div class='rights'><span class='video'># 148</span></div></a></li></ul></div><div class="side"><h3 class="sidebar-title">Series Popular Spring 2025</h3><div class='kotakbatas'><div class="bor">
<a class="popseries" href="https://s4.nontonanimeid.boats/anime/enen-no-shouboutai-san-no-shou/"><div class="limit">
<img src="https://i0.wp.com/s4.nontonanimeid.boats/wp-content/uploads/2025/04/Enen-no-Shouboutai-San-no-Shou.jpg?h=210" alt="Enen no Shouboutai: San no Shou" width="210" height="210" loading="lazy"></div>
</a></div><div class="bor">
<a class="popseries" href="https://s4.nontonanimeid.boats/anime/lazarus/"><div class="limit">
<img src="https://i0.wp.com/s4.nontonanimeid.boats/wp-content/uploads/2025/04/Lazarus.jpg?h=210" alt="Lazarus" width="210" height="210" loading="lazy"></div>
</a></div><div class="bor">
<a class="popseries" href="https://s4.nontonanimeid.boats/anime/wind-breaker-season-2/"><div class="limit">
<img src="https://i0.wp.com/s4.nontonanimeid.boats/wp-content/uploads/2025/04/Wind-Breaker-Season-2.jpg?h=210" alt="Wind Breaker Season 2" width="210" height="210" loading="lazy"></div>
</a></div><div class="bor">
<a class="popseries" href="https://s4.nontonanimeid.boats/anime/witch-watch/"><div class="limit">
<img src="https://i0.wp.com/s4.nontonanimeid.boats/wp-content/uploads/2025/04/Witch-Watch.jpg?h=210" alt="Witch Watch" width="210" height="210" loading="lazy"></div>
</a></div><div class="bor">
<a class="popseries" href="https://s4.nontonanimeid.boats/anime/saikyou-no-ousama-nidome-no-jinsei-wa-nani-wo-suru/"><div class="limit">
<img src="https://i0.wp.com/s4.nontonanimeid.boats/wp-content/uploads/2025/04/Saikyou-no-Ousama-Nidome-no-Jinsei-wa-Nani-wo-Suru.jpg?h=210" alt="Saikyou no Ousama, Nidome no Jinsei wa Nani wo Suru?" width="210" height="210" loading="lazy"></div>
</a></div><div class="bor">
<a class="popseries" href="https://s4.nontonanimeid.boats/anime/vigilante-boku-no-hero-academia-illegals/"><div class="limit">
<img src="https://i0.wp.com/s4.nontonanimeid.boats/wp-content/uploads/2025/04/Vigilante-Boku-no-Hero-Academia-Illegals.jpg?h=210" alt="Vigilante: Boku no Hero Academia Illegals" width="210" height="210" loading="lazy"></div>
</a></div><div class="bor">
<a class="popseries" href="https://s4.nontonanimeid.boats/anime/kowloon-generic-romance/"><div class="limit">
<img src="https://i0.wp.com/s4.nontonanimeid.boats/wp-content/uploads/2025/04/Kowloon-Generic-Romance.jpg?h=210" alt="Kowloon Generic Romance" width="210" height="210" loading="lazy"></div>
</a></div><div class="bor">
<a class="popseries" href="https://s4.nontonanimeid.boats/anime/slime-taoshite-300-nen-shiranai-uchi-ni-level-max-ni-nattemashita-sono-ni/"><div class="limit">
<img src="https://i0.wp.com/s4.nontonanimeid.boats/wp-content/uploads/2025/04/Slime-Taoshite-300-nen-Shiranai-Uchi-ni-Level-Max-ni-Nattemashita-Sono-Ni.jpg?h=210" alt="Slime Taoshite 300-nen, Shiranai Uchi ni Level Max ni Nattemashita: Sono Ni" width="210" height="210" loading="lazy"></div>
</a></div><div class="bor">
<a class="popseries" href="https://s4.nontonanimeid.boats/anime/katainaka-no-ossan-kensei-ni-naru/"><div class="limit">
<img src="https://i0.wp.com/s4.nontonanimeid.boats/wp-content/uploads/2025/04/Katainaka-no-Ossan-Kensei-ni-Naru.jpg?h=210" alt="Katainaka no Ossan, Kensei ni Naru" width="210" height="210" loading="lazy"></div>
</a></div><div class="bor">
<a class="popseries" href="https://s4.nontonanimeid.boats/anime/danjo-no-yuujou-wa-seiritsu-suru-iya-shinai/"><div class="limit">
<img src="https://i0.wp.com/s4.nontonanimeid.boats/wp-content/uploads/2025/04/Danjo-no-Yuujou-wa-Seiritsu-suru-Iya-Shinai.jpg?h=210" alt="Danjo no Yuujou wa Seiritsu suru? (Iya, Shinai!!)" width="210" height="210" loading="lazy"></div>
</a></div><div class="bor">
<a class="popseries" href="https://s4.nontonanimeid.boats/anime/haite-kudasai-takamine-san/"><div class="limit">
<img src="https://i0.wp.com/s4.nontonanimeid.boats/wp-content/uploads/2025/04/Haite-Kudasai-Takamine-san.jpg?h=210" alt="Haite Kudasai, Takamine-san" width="210" height="210" loading="lazy"></div>
</a></div><div class="bor">
<a class="popseries" href="https://s4.nontonanimeid.boats/anime/kijin-gentoushou/"><div class="limit">
<img src="https://i0.wp.com/s4.nontonanimeid.boats/wp-content/uploads/2025/03/Kijin-Gentoushou.jpg?h=210" alt="Kijin Gentoushou" width="210" height="210" loading="lazy"></div>
</a></div></div></div></aside></div><div class="floating_footer"><div class="close_floating"><div class="close_banner">Close</div></div><div class="box_footer"><div class="adspost520"><a href="https://cek.to/nontonanimehoki" rel="nofollow noopener noreferrer sponsored" target="_blank"><img src="https://img.nontonanimeid.boats/wp-content/uploads/ikln/floating/KHoki_v1.webp" alt="Shingeki No Kyojin" width="510" height="60" fetchpriority="high" loading="lazy"></a></div><div class="adspost520"><a href="https://vpn89.site/ratu" rel="nofollow noopener noreferrer sponsored" target="_blank"><img src="https://img.nontonanimeid.boats/wp-content/uploads/ikln/floating/ra89_v4.webp" alt="Luffy Gear 5" width="510" height="60" fetchpriority="high" loading="lazy"></a></div></div></div><div class="clear"></div> <script src="data:text/javascript;base64,aWYodHlwZW9mIGpRdWVyeSE9PSd1bmRlZmluZWQnKXtqUXVlcnkoZG9jdW1lbnQpLnJlYWR5KGZ1bmN0aW9uKCQpeyQoIi5jbG9zZV9mbG9hdGluZyIpLmNsaWNrKGZ1bmN0aW9uKCl7JCh0aGlzKS5jbG9zZXN0KCIuZmxvYXRpbmdfZm9vdGVyIikuaGlkZSgpfSl9KX0=" defer></script> <footer id="footer" class="site-footer"><div id="widgetfooter"><div class="center"><div class="widfoot footer-sidebar1"><div class="menu-sitelink-footer-container"><ul id="menu-sitelink-footer" class="menu"><li id="menu-item-580" class="menu-item menu-item-type-post_type menu-item-object-page menu-item-580"><a href="https://s4.nontonanimeid.boats/contact-us/">Contact Us</a></li><li id="menu-item-582" class="menu-item menu-item-type-post_type menu-item-object-page menu-item-582"><a href="https://s4.nontonanimeid.boats/faq/">FAQ</a></li></ul></div></div><div class="widfoot footer-sidebar2"></div><div class="widfoot footer-sidebar3"></div></div></div><div class="inner"><div class="center"><div class="copyright">Â© 2025, NontonAnimeID.</div><div class="right">Disclaimer: This site does not store any files on its server. All contents are provided by non-affiliated third parties.</div></div></div></footer> <script type="speculationrules">{"prefetch":[{"source":"document","where":{"and":[{"href_matches":"\/*"},{"not":{"href_matches":["\/wp-*.php","\/wp-admin\/*","\/wp-content\/uploads\/*","\/wp-content\/*","\/wp-content\/plugins\/*","\/wp-content\/themes\/kotakanime\/*","\/*\\?(.+)"]}},{"not":{"selector_matches":"a[rel~=\"nofollow\"]"}},{"not":{"selector_matches":".no-prefetch, .no-prefetch a"}}]},"eagerness":"conservative"}]}</script> <script src="https://cdnjs.cloudflare.com/ajax/libs/jquery/3.7.1/jquery.min.js" id="jquery-js"></script> <script id="misha_scripts-js-extra" src="data:text/javascript;base64,dmFyIG1pc2hhX2xvYWRtb3JlX3BhcmFtcz17ImFqYXh1cmwiOiJodHRwczpcL1wvczQubm9udG9uYW5pbWVpZC5ib2F0c1wvd3AtYWRtaW5cL2FkbWluLWFqYXgucGhwIiwibm9uY2UiOiIxMGI3ZGZkZWJjIiwiY3VycmVudF9wYWdlIjoiMSIsInR5cGUiOiJob21lIn0=" defer></script> <script src="https://s4.nontonanimeid.boats/wp-content/themes/kotakanime/js/ajaxloadmore_homepage.js?ver=1.1.1" id="misha_scripts-js" defer data-deferred="1"></script> <script src="https://s4.nontonanimeid.boats/wp-content/themes/kotakanime/js/defer.js" id="defer-js-js"></script> <script src="https://www.googletagmanager.com/gtag/js?id=G-S0L4FL6T3J" defer data-deferred="1"></script> <script src="data:text/javascript;base64,d2luZG93LmRhdGFMYXllcj13aW5kb3cuZGF0YUxheWVyfHxbXTtmdW5jdGlvbiBndGFnKCl7ZGF0YUxheWVyLnB1c2goYXJndW1lbnRzKX0KZ3RhZygnanMnLG5ldyBEYXRlKCkpO2d0YWcoJ2NvbmZpZycsJ0ctUzBMNEZMNlQzSicpO2NvbnN0IHRvZ2dsZVN3aXRjaD1kb2N1bWVudC5xdWVyeVNlbGVjdG9yKCcudGhlbWUtc3dpdGNoIGlucHV0W3R5cGU9ImNoZWNrYm94Il0nKTtjb25zdCBjdXJyZW50VGhlbWU9bG9jYWxTdG9yYWdlLmdldEl0ZW0oJ3RoZW1lJyk7ZG9jdW1lbnQuZG9jdW1lbnRFbGVtZW50LnNldEF0dHJpYnV0ZSgnZGF0YS10aGVtZScsY3VycmVudFRoZW1lfHwnbGlnaHQnKTt0b2dnbGVTd2l0Y2guY2hlY2tlZD1jdXJyZW50VGhlbWU9PT0nZGFyayc7dG9nZ2xlU3dpdGNoLmFkZEV2ZW50TGlzdGVuZXIoJ2NoYW5nZScsZT0+e2NvbnN0IHRoZW1lPWUudGFyZ2V0LmNoZWNrZWQ/J2RhcmsnOidsaWdodCc7ZG9jdW1lbnQuZG9jdW1lbnRFbGVtZW50LnNldEF0dHJpYnV0ZSgnZGF0YS10aGVtZScsdGhlbWUpO2xvY2FsU3RvcmFnZS5zZXRJdGVtKCd0aGVtZScsdGhlbWUpfSwhMSk=" defer></script> <script src="data:text/javascript;base64,JChkb2N1bWVudCkucmVhZHkoKCk9PnskKCIjd3JhcCIpLm9uKCdjbGljaycsJy5zcG9pbGVyLWJ0bicsZT0+e2UucHJldmVudERlZmF1bHQoKTskKGUudGFyZ2V0KS5wYXJlbnQoKS5jaGlsZHJlbignLnNwb2lsZXItYm9keScpLnRvZ2dsZSgpfSl9KQ==" defer></script> <script type="speculationrules">{"prefetch":[{"source":"document","where":{"and":[{"href_matches":"\/*"},{"not":{"href_matches":["\/wp-*.php","\/wp-admin\/*","\/wp-content\/uploads\/*","\/wp-content\/*","\/wp-content\/plugins\/*","\/wp-content\/themes\/kotakanime\/*","\/*\\?(.+)"]}},{"not":{"selector_matches":"a[rel~=\"nofollow\"]"}},{"not":{"selector_matches":".no-prefetch, .no-prefetch a"}}]},"eagerness":"conservative"}]}</script> <script data-no-optimize="1">var litespeed_vary=document.cookie.replace(/(?:(?:^|.*;\s*)_lscache_vary\s*\=\s*([^;]*).*$)|^.*$/,"");litespeed_vary||fetch("/wp-content/plugins/litespeed-cache/guest.vary.php",{method:"POST",cache:"no-cache",redirect:"follow"}).then(e=>e.json()).then(e=>{console.log(e),e.hasOwnProperty("reload")&&"yes"==e.reload&&(sessionStorage.setItem("litespeed_docref",document.referrer),window.location.reload(!0))});</script></body></html>
<!-- Page optimized by LiteSpeed Cache @2025-06-03 07:01:07 -->

<!-- Page cached by LiteSpeed Cache 7.1 on 2025-06-03 07:01:07 -->
<!-- Guest Mode -->